,skin_tone,skin_tone_category,ID,purchased_top,purchased_bottom
0,"(160, 126, 86)",Medium,1,4,11
1,"(234, 218, 186)",Light,2,11,25
2,"(234, 218, 186)",Light,3,19,9
3,"(215, 189, 150)",Medium,4,16,8
4,"(130, 92, 67)",Medium,5,9,5
5,"(234, 218, 186)",Light,6,14,26
6,"(247, 134, 208)",Medium,7,16,1
7,"(96, 65, 52)",Dark,8,15,2
8,"(215, 189, 150)",Medium,9,15,11
9,"(215, 189, 150)",Medium,10,8,8
10,"(160, 126, 86)",Medium,11,12,21
11,"(130, 92, 67)",Medium,12,13,5
12,"(160, 126, 86)",Medium,13,12,17
13,"(130, 92, 67)",Medium,14,9,17
14,"(234, 218, 186)",Light,15,8,24
15,"(96, 65, 52)",Dark,16,4,2
16,"(243, 231, 219)",Light,17,19,4
17,"(160, 126, 86)",Medium,18,17,5
18,"(130, 92, 67)",Medium,19,22,20
19,"(160, 126, 86)",Medium,20,16,2
20,"(58, 49, 42)",Dark,21,4,2
21,"(130, 92, 67)",Medium,22,15,17
22,"(160, 126, 86)",Medium,23,16,8
23,"(247, 134, 208)",Medium,24,12,17
24,"(215, 189, 150)",Medium,25,16,8
25,"(243, 231, 219)",Light,26,12,20
26,"(58, 49, 42)",Dark,27,4,2
27,"(234, 218, 186)",Light,28,21,15
28,"(96, 65, 52)",Dark,29,4,2
29,"(130, 92, 67)",Medium,30,16,2
30,"(58, 49, 42)",Dark,31,17,2
31,"(234, 218, 186)",Light,32,10,24
32,"(215, 189, 150)",Medium,33,4,1
33,"(96, 65, 52)",Dark,34,4,2
34,"(58, 49, 42)",Dark,35,17,2
35,"(234, 218, 186)",Light,36,8,21
36,"(246, 237, 228)",Light,37,2,19
37,"(234, 218, 186)",Light,38,9,15
38,"(234, 218, 186)",Light,39,3,13
39,"(215, 189, 150)",Medium,40,8,17
40,"(247, 134, 208)",Medium,41,16,2
41,"(243, 231, 219)",Light,42,9,24
42,"(215, 189, 150)",Medium,43,17,20
43,"(215, 189, 150)",Medium,44,4,20
44,"(160, 126, 86)",Medium,45,13,21
45,"(243, 231, 219)",Light,46,13,25
46,"(243, 231, 219)",Light,47,12,18
47,"(160, 126, 86)",Medium,48,4,17
48,"(247, 134, 208)",Medium,49,11,5
49,"(247, 134, 208)",Medium,50,22,5
50,"(58, 49, 42)",Dark,51,15,2
51,"(215, 189, 150)",Medium,52,9,21
52,"(247, 134, 208)",Medium,53,15,17
53,"(215, 189, 150)",Medium,54,9,11
54,"(243, 231, 219)",Light,55,12,23
55,"(215, 189, 150)",Medium,56,15,11
56,"(247, 134, 208)",Medium,57,16,20
57,"(243, 231, 219)",Light,58,13,25
58,"(243, 231, 219)",Light,59,20,15
59,"(96, 65, 52)",Dark,60,17,2
60,"(96, 65, 52)",Dark,61,15,2
61,"(160, 126, 86)",Medium,62,17,5
62,"(247, 134, 208)",Medium,63,8,21
63,"(160, 126, 86)",Medium,64,17,11
64,"(160, 126, 86)",Medium,65,13,8
65,"(243, 231, 219)",Light,66,22,22
66,"(215, 189, 150)",Medium,67,9,17
67,"(247, 134, 208)",Medium,68,4,21
68,"(160, 126, 86)",Medium,69,11,21
69,"(247, 134, 208)",Medium,70,16,2
70,"(215, 189, 150)",Medium,71,22,2
71,"(130, 92, 67)",Medium,72,12,21
72,"(160, 126, 86)",Medium,73,12,21
73,"(96, 65, 52)",Dark,74,15,2
74,"(247, 134, 208)",Medium,75,11,20
75,"(58, 49, 42)",Dark,76,17,2
76,"(96, 65, 52)",Dark,77,15,2
77,"(96, 65, 52)",Dark,78,17,2
78,"(96, 65, 52)",Dark,79,15,2
79,"(247, 134, 208)",Medium,80,17,17
80,"(58, 49, 42)",Dark,81,17,2
81,"(247, 134, 208)",Medium,82,9,21
82,"(215, 189, 150)",Medium,83,22,2
83,"(247, 134, 208)",Medium,84,22,8
84,"(215, 189, 150)",Medium,85,17,5
85,"(160, 126, 86)",Medium,86,13,5
86,"(234, 218, 186)",Light,87,8,24
87,"(215, 189, 150)",Medium,88,13,1
88,"(243, 231, 219)",Light,89,18,12
89,"(130, 92, 67)",Medium,90,15,8
90,"(243, 231, 219)",Light,91,14,5
91,"(243, 231, 219)",Light,92,14,12
92,"(130, 92, 67)",Medium,93,11,1
93,"(130, 92, 67)",Medium,94,9,20
94,"(130, 92, 67)",Medium,95,8,1
95,"(96, 65, 52)",Dark,96,17,2
96,"(96, 65, 52)",Dark,97,4,2
97,"(130, 92, 67)",Medium,98,9,17
98,"(160, 126, 86)",Medium,99,22,2
99,"(160, 126, 86)",Medium,100,11,2
100,"(58, 49, 42)",Dark,101,4,2
101,"(243, 231, 219)",Light,102,13,9
102,"(160, 126, 86)",Medium,103,11,8
103,"(160, 126, 86)",Medium,104,4,17
104,"(160, 126, 86)",Medium,105,15,20
105,"(58, 49, 42)",Dark,106,17,2
106,"(243, 231, 219)",Light,107,11,7
107,"(247, 134, 208)",Medium,108,13,8
108,"(96, 65, 52)",Dark,109,15,2
109,"(160, 126, 86)",Medium,110,9,5
110,"(130, 92, 67)",Medium,111,17,8
111,"(160, 126, 86)",Medium,112,8,5
112,"(130, 92, 67)",Medium,113,9,5
113,"(215, 189, 150)",Medium,114,13,11
114,"(246, 237, 228)",Light,115,21,1
115,"(160, 126, 86)",Medium,116,8,1
116,"(58, 49, 42)",Dark,117,4,2
117,"(215, 189, 150)",Medium,118,16,2
118,"(243, 231, 219)",Light,119,5,16
119,"(96, 65, 52)",Dark,120,4,2
120,"(234, 218, 186)",Light,121,16,26
121,"(96, 65, 52)",Dark,122,4,2
122,"(247, 134, 208)",Medium,123,22,21
123,"(160, 126, 86)",Medium,124,22,8
124,"(234, 218, 186)",Light,125,2,9
125,"(160, 126, 86)",Medium,126,22,5
126,"(247, 134, 208)",Medium,127,17,21
127,"(130, 92, 67)",Medium,128,9,2
128,"(215, 189, 150)",Medium,129,12,8
129,"(160, 126, 86)",Medium,130,8,17
130,"(234, 218, 186)",Light,131,8,24
131,"(243, 231, 219)",Light,132,12,10
132,"(234, 218, 186)",Light,133,13,12
133,"(215, 189, 150)",Medium,134,11,20
134,"(130, 92, 67)",Medium,135,8,8
135,"(160, 126, 86)",Medium,136,17,5
136,"(160, 126, 86)",Medium,137,22,5
137,"(247, 134, 208)",Medium,138,11,8
138,"(243, 231, 219)",Light,139,10,14
139,"(215, 189, 150)",Medium,140,22,20
140,"(215, 189, 150)",Medium,141,16,2
141,"(160, 126, 86)",Medium,142,12,2
142,"(160, 126, 86)",Medium,143,9,17
143,"(215, 189, 150)",Medium,144,12,2
144,"(96, 65, 52)",Dark,145,15,2
145,"(247, 134, 208)",Medium,146,11,5
146,"(96, 65, 52)",Dark,147,4,2
147,"(243, 231, 219)",Light,148,2,16
148,"(160, 126, 86)",Medium,149,11,5
149,"(234, 218, 186)",Light,150,1,1
150,"(41, 36, 32)",Dark,151,15,2
151,"(58, 49, 42)",Dark,152,4,2
152,"(243, 231, 219)",Light,153,11,26
153,"(130, 92, 67)",Medium,154,22,2
154,"(130, 92, 67)",Medium,155,9,2
155,"(160, 126, 86)",Medium,156,12,20
156,"(96, 65, 52)",Dark,157,4,2
157,"(215, 189, 150)",Medium,158,22,11
158,"(160, 126, 86)",Medium,159,17,1
159,"(130, 92, 67)",Medium,160,12,5
160,"(215, 189, 150)",Medium,161,13,11
161,"(215, 189, 150)",Medium,162,12,17
162,"(160, 126, 86)",Medium,163,11,11
163,"(160, 126, 86)",Medium,164,16,17
164,"(215, 189, 150)",Medium,165,8,11
165,"(130, 92, 67)",Medium,166,4,2
166,"(58, 49, 42)",Dark,167,4,2
167,"(215, 189, 150)",Medium,168,17,21
168,"(130, 92, 67)",Medium,169,22,1
169,"(160, 126, 86)",Medium,170,15,11
170,"(160, 126, 86)",Medium,171,16,20
171,"(58, 49, 42)",Dark,172,17,2
172,"(215, 189, 150)",Medium,173,22,2
173,"(234, 218, 186)",Light,174,9,16
174,"(234, 218, 186)",Light,175,13,22
175,"(243, 231, 219)",Light,176,12,23
176,"(215, 189, 150)",Medium,177,8,11
177,"(243, 231, 219)",Light,178,20,25
178,"(215, 189, 150)",Medium,179,9,2
179,"(247, 134, 208)",Medium,180,17,1
180,"(160, 126, 86)",Medium,181,22,1
181,"(247, 134, 208)",Medium,182,13,20
182,"(215, 189, 150)",Medium,183,17,8
183,"(247, 134, 208)",Medium,184,11,2
184,"(160, 126, 86)",Medium,185,16,20
185,"(243, 231, 219)",Light,186,8,21
186,"(160, 126, 86)",Medium,187,12,1
187,"(160, 126, 86)",Medium,188,13,21
188,"(130, 92, 67)",Medium,189,15,5
189,"(160, 126, 86)",Medium,190,15,21
190,"(215, 189, 150)",Medium,191,17,1
191,"(96, 65, 52)",Dark,192,4,2
192,"(215, 189, 150)",Medium,193,17,8
193,"(215, 189, 150)",Medium,194,13,17
194,"(96, 65, 52)",Dark,195,17,2
195,"(247, 134, 208)",Medium,196,8,20
196,"(96, 65, 52)",Dark,197,15,2
197,"(130, 92, 67)",Medium,198,12,5
198,"(160, 126, 86)",Medium,199,22,20
199,"(130, 92, 67)",Medium,200,4,17
200,"(130, 92, 67)",Medium,201,22,11
201,"(160, 126, 86)",Medium,202,11,21
202,"(215, 189, 150)",Medium,203,13,17
203,"(234, 218, 186)",Light,204,18,6
204,"(96, 65, 52)",Dark,205,4,2
205,"(96, 65, 52)",Dark,206,4,2
206,"(96, 65, 52)",Dark,207,4,2
207,"(247, 134, 208)",Medium,208,12,20
208,"(130, 92, 67)",Medium,209,4,11
209,"(58, 49, 42)",Dark,210,4,2
210,"(130, 92, 67)",Medium,211,17,2
211,"(247, 134, 208)",Medium,212,9,8
212,"(160, 126, 86)",Medium,213,12,21
213,"(243, 231, 219)",Light,214,10,10
214,"(96, 65, 52)",Dark,215,17,2
215,"(160, 126, 86)",Medium,216,8,2
216,"(130, 92, 67)",Medium,217,4,20
217,"(160, 126, 86)",Medium,218,4,8
218,"(130, 92, 67)",Medium,219,13,1
219,"(215, 189, 150)",Medium,220,8,2
220,"(130, 92, 67)",Medium,221,16,8
221,"(247, 134, 208)",Medium,222,9,11
222,"(160, 126, 86)",Medium,223,9,11
223,"(234, 218, 186)",Light,224,20,23
224,"(96, 65, 52)",Dark,225,17,2
225,"(130, 92, 67)",Medium,226,12,17
226,"(130, 92, 67)",Medium,227,11,1
227,"(160, 126, 86)",Medium,228,16,17
228,"(160, 126, 86)",Medium,229,8,2
229,"(215, 189, 150)",Medium,230,16,20
230,"(247, 134, 208)",Medium,231,15,17
231,"(215, 189, 150)",Medium,232,12,2
232,"(130, 92, 67)",Medium,233,15,2
233,"(130, 92, 67)",Medium,234,15,11
234,"(243, 231, 219)",Light,235,10,6
235,"(160, 126, 86)",Medium,236,15,17
236,"(215, 189, 150)",Medium,237,4,8
237,"(160, 126, 86)",Medium,238,4,2
238,"(234, 218, 186)",Light,239,6,21
239,"(160, 126, 86)",Medium,240,22,17
240,"(58, 49, 42)",Dark,241,15,2
241,"(130, 92, 67)",Medium,242,15,1
242,"(160, 126, 86)",Medium,243,13,11
243,"(58, 49, 42)",Dark,244,4,2
244,"(160, 126, 86)",Medium,245,8,8
245,"(130, 92, 67)",Medium,246,9,11
246,"(215, 189, 150)",Medium,247,22,17
247,"(160, 126, 86)",Medium,248,16,5
248,"(58, 49, 42)",Dark,249,17,2
249,"(96, 65, 52)",Dark,250,4,2
250,"(58, 49, 42)",Dark,251,4,2
251,"(130, 92, 67)",Medium,252,22,20
252,"(215, 189, 150)",Medium,253,15,5
253,"(130, 92, 67)",Medium,254,22,17
254,"(130, 92, 67)",Medium,255,17,1
255,"(96, 65, 52)",Dark,256,17,2
256,"(215, 189, 150)",Medium,257,22,8
257,"(243, 231, 219)",Light,258,20,20
258,"(130, 92, 67)",Medium,259,13,11
259,"(130, 92, 67)",Medium,260,13,8
260,"(160, 126, 86)",Medium,261,12,5
261,"(160, 126, 86)",Medium,262,8,2
262,"(58, 49, 42)",Dark,263,15,2
263,"(160, 126, 86)",Medium,264,15,5
264,"(246, 237, 228)",Light,265,10,22
265,"(41, 36, 32)",Dark,266,17,2
266,"(234, 218, 186)",Light,267,6,24
267,"(160, 126, 86)",Medium,268,4,1
268,"(160, 126, 86)",Medium,269,17,17
269,"(215, 189, 150)",Medium,270,22,11
270,"(243, 231, 219)",Light,271,22,6
271,"(130, 92, 67)",Medium,272,4,17
272,"(96, 65, 52)",Dark,273,17,2
273,"(234, 218, 186)",Light,274,9,7
274,"(58, 49, 42)",Dark,275,15,2
275,"(160, 126, 86)",Medium,276,11,17
276,"(215, 189, 150)",Medium,277,17,1
277,"(160, 126, 86)",Medium,278,17,8
278,"(41, 36, 32)",Dark,279,15,2
279,"(243, 231, 219)",Light,280,19,3
280,"(160, 126, 86)",Medium,281,12,17
281,"(58, 49, 42)",Dark,282,15,2
282,"(160, 126, 86)",Medium,283,15,17
283,"(160, 126, 86)",Medium,284,4,1
284,"(160, 126, 86)",Medium,285,8,8
285,"(58, 49, 42)",Dark,286,4,2
286,"(160, 126, 86)",Medium,287,9,1
287,"(160, 126, 86)",Medium,288,13,17
288,"(160, 126, 86)",Medium,289,8,5
289,"(215, 189, 150)",Medium,290,8,20
290,"(243, 231, 219)",Light,291,11,19
291,"(247, 134, 208)",Medium,292,9,17
292,"(130, 92, 67)",Medium,293,8,20
293,"(234, 218, 186)",Light,294,12,6
294,"(246, 237, 228)",Light,295,14,12
295,"(247, 134, 208)",Medium,296,9,1
296,"(215, 189, 150)",Medium,297,13,1
297,"(160, 126, 86)",Medium,298,12,17
298,"(243, 231, 219)",Light,299,23,18
299,"(234, 218, 186)",Light,300,14,8
300,"(96, 65, 52)",Dark,301,4,2
301,"(234, 218, 186)",Light,302,18,24
302,"(215, 189, 150)",Medium,303,22,21
303,"(247, 134, 208)",Medium,304,15,5
304,"(215, 189, 150)",Medium,305,17,5
305,"(160, 126, 86)",Medium,306,11,1
306,"(247, 134, 208)",Medium,307,8,11
307,"(234, 218, 186)",Light,308,5,24
308,"(247, 134, 208)",Medium,309,8,11
309,"(160, 126, 86)",Medium,310,22,21
310,"(41, 36, 32)",Dark,311,4,2
311,"(215, 189, 150)",Medium,312,12,8
312,"(243, 231, 219)",Light,313,8,4
313,"(130, 92, 67)",Medium,314,4,11
314,"(215, 189, 150)",Medium,315,15,5
315,"(160, 126, 86)",Medium,316,8,5
316,"(130, 92, 67)",Medium,317,17,11
317,"(247, 134, 208)",Medium,318,9,8
318,"(160, 126, 86)",Medium,319,8,11
319,"(160, 126, 86)",Medium,320,16,17
320,"(243, 231, 219)",Light,321,13,19
321,"(160, 126, 86)",Medium,322,11,5
322,"(243, 231, 219)",Light,323,6,23
323,"(96, 65, 52)",Dark,324,15,2
324,"(96, 65, 52)",Dark,325,15,2
325,"(243, 231, 219)",Light,326,19,26
326,"(234, 218, 186)",Light,327,5,15
327,"(160, 126, 86)",Medium,328,15,20
328,"(160, 126, 86)",Medium,329,11,8
329,"(130, 92, 67)",Medium,330,13,2
330,"(247, 134, 208)",Medium,331,9,8
331,"(160, 126, 86)",Medium,332,11,20
332,"(96, 65, 52)",Dark,333,15,2
333,"(58, 49, 42)",Dark,334,4,2
334,"(247, 134, 208)",Medium,335,13,20
335,"(243, 231, 219)",Light,336,1,3
336,"(130, 92, 67)",Medium,337,8,8
337,"(215, 189, 150)",Medium,338,13,17
338,"(130, 92, 67)",Medium,339,11,5
339,"(96, 65, 52)",Dark,340,17,2
340,"(243, 231, 219)",Light,341,19,26
341,"(247, 134, 208)",Medium,342,17,11
342,"(215, 189, 150)",Medium,343,11,2
343,"(160, 126, 86)",Medium,344,15,2
344,"(215, 189, 150)",Medium,345,17,20
345,"(247, 134, 208)",Medium,346,16,20
346,"(247, 134, 208)",Medium,347,11,17
347,"(215, 189, 150)",Medium,348,11,2
348,"(215, 189, 150)",Medium,349,11,21
349,"(215, 189, 150)",Medium,350,17,2
350,"(160, 126, 86)",Medium,351,22,2
351,"(160, 126, 86)",Medium,352,15,5
352,"(58, 49, 42)",Dark,353,4,2
353,"(247, 134, 208)",Medium,354,11,20
354,"(160, 126, 86)",Medium,355,12,21
355,"(58, 49, 42)",Dark,356,17,2
356,"(160, 126, 86)",Medium,357,17,11
357,"(247, 134, 208)",Medium,358,8,5
358,"(160, 126, 86)",Medium,359,17,8
359,"(160, 126, 86)",Medium,360,12,8
360,"(160, 126, 86)",Medium,361,15,5
361,"(58, 49, 42)",Dark,362,17,2
362,"(215, 189, 150)",Medium,363,4,21
363,"(160, 126, 86)",Medium,364,12,2
364,"(160, 126, 86)",Medium,365,16,21
365,"(160, 126, 86)",Medium,366,17,21
366,"(130, 92, 67)",Medium,367,13,5
367,"(215, 189, 150)",Medium,368,9,2
368,"(160, 126, 86)",Medium,369,12,8
369,"(160, 126, 86)",Medium,370,11,1
370,"(234, 218, 186)",Light,371,20,9
371,"(160, 126, 86)",Medium,372,16,8
372,"(130, 92, 67)",Medium,373,9,21
373,"(215, 189, 150)",Medium,374,11,2
374,"(160, 126, 86)",Medium,375,13,17
375,"(160, 126, 86)",Medium,376,17,8
376,"(96, 65, 52)",Dark,377,4,2
377,"(96, 65, 52)",Dark,378,17,2
378,"(160, 126, 86)",Medium,379,13,2
379,"(215, 189, 150)",Medium,380,8,17
380,"(215, 189, 150)",Medium,381,4,8
381,"(58, 49, 42)",Dark,382,17,2
382,"(234, 218, 186)",Light,383,12,8
383,"(160, 126, 86)",Medium,384,13,1
384,"(160, 126, 86)",Medium,385,15,17
385,"(215, 189, 150)",Medium,386,13,2
386,"(96, 65, 52)",Dark,387,17,2
387,"(215, 189, 150)",Medium,388,9,21
388,"(96, 65, 52)",Dark,389,4,2
389,"(160, 126, 86)",Medium,390,16,17
390,"(130, 92, 67)",Medium,391,16,8
391,"(215, 189, 150)",Medium,392,8,20
392,"(160, 126, 86)",Medium,393,8,5
393,"(160, 126, 86)",Medium,394,9,8
394,"(215, 189, 150)",Medium,395,22,20
395,"(130, 92, 67)",Medium,396,8,8
396,"(96, 65, 52)",Dark,397,4,2
397,"(130, 92, 67)",Medium,398,13,8
398,"(247, 134, 208)",Medium,399,17,17
399,"(160, 126, 86)",Medium,400,16,8
400,"(160, 126, 86)",Medium,401,9,11
401,"(247, 134, 208)",Medium,402,4,2
402,"(243, 231, 219)",Light,403,3,13
403,"(246, 237, 228)",Light,404,2,12
404,"(160, 126, 86)",Medium,405,15,21
405,"(160, 126, 86)",Medium,406,13,1
406,"(130, 92, 67)",Medium,407,13,21
407,"(243, 231, 219)",Light,408,20,11
408,"(160, 126, 86)",Medium,409,22,5
409,"(160, 126, 86)",Medium,410,11,11
410,"(160, 126, 86)",Medium,411,22,11
411,"(160, 126, 86)",Medium,412,15,21
412,"(247, 134, 208)",Medium,413,9,8
413,"(247, 134, 208)",Medium,414,8,1
414,"(160, 126, 86)",Medium,415,17,5
415,"(215, 189, 150)",Medium,416,11,2
416,"(96, 65, 52)",Dark,417,17,2
417,"(215, 189, 150)",Medium,418,22,1
418,"(130, 92, 67)",Medium,419,4,5
419,"(234, 218, 186)",Light,420,2,17
420,"(246, 237, 228)",Light,421,23,17
421,"(160, 126, 86)",Medium,422,11,17
422,"(160, 126, 86)",Medium,423,22,5
423,"(215, 189, 150)",Medium,424,16,8
424,"(215, 189, 150)",Medium,425,13,5
425,"(160, 126, 86)",Medium,426,15,5
426,"(160, 126, 86)",Medium,427,15,5
427,"(247, 134, 208)",Medium,428,22,11
428,"(215, 189, 150)",Medium,429,9,20
429,"(243, 231, 219)",Light,430,21,6
430,"(130, 92, 67)",Medium,431,12,8
431,"(247, 134, 208)",Medium,432,17,1
432,"(160, 126, 86)",Medium,433,17,1
433,"(234, 218, 186)",Light,434,19,13
434,"(96, 65, 52)",Dark,435,15,2
435,"(96, 65, 52)",Dark,436,17,2
436,"(234, 218, 186)",Light,437,18,21
437,"(160, 126, 86)",Medium,438,22,5
438,"(96, 65, 52)",Dark,439,4,2
439,"(160, 126, 86)",Medium,440,16,21
440,"(160, 126, 86)",Medium,441,22,20
441,"(160, 126, 86)",Medium,442,12,5
442,"(160, 126, 86)",Medium,443,13,8
443,"(96, 65, 52)",Dark,444,15,2
444,"(247, 134, 208)",Medium,445,12,1
445,"(215, 189, 150)",Medium,446,15,1
446,"(215, 189, 150)",Medium,447,17,5
447,"(247, 134, 208)",Medium,448,12,17
448,"(96, 65, 52)",Dark,449,4,2
449,"(247, 134, 208)",Medium,450,17,17
450,"(58, 49, 42)",Dark,451,4,2
451,"(215, 189, 150)",Medium,452,13,2
452,"(160, 126, 86)",Medium,453,17,21
453,"(215, 189, 150)",Medium,454,9,8
454,"(247, 134, 208)",Medium,455,4,17
455,"(160, 126, 86)",Medium,456,4,21
456,"(160, 126, 86)",Medium,457,16,11
457,"(234, 218, 186)",Light,458,5,14
458,"(247, 134, 208)",Medium,459,13,1
459,"(160, 126, 86)",Medium,460,12,1
460,"(160, 126, 86)",Medium,461,11,5
461,"(96, 65, 52)",Dark,462,17,2
462,"(215, 189, 150)",Medium,463,16,8
463,"(160, 126, 86)",Medium,464,15,11
464,"(160, 126, 86)",Medium,465,11,21
465,"(246, 237, 228)",Light,466,9,13
466,"(215, 189, 150)",Medium,467,15,20
467,"(243, 231, 219)",Light,468,18,18
468,"(215, 189, 150)",Medium,469,12,2
469,"(247, 134, 208)",Medium,470,11,8
470,"(160, 126, 86)",Medium,471,12,2
471,"(58, 49, 42)",Dark,472,17,2
472,"(160, 126, 86)",Medium,473,16,8
473,"(96, 65, 52)",Dark,474,4,2
474,"(215, 189, 150)",Medium,475,11,8
475,"(234, 218, 186)",Light,476,22,1
476,"(247, 134, 208)",Medium,477,22,8
477,"(160, 126, 86)",Medium,478,22,1
478,"(160, 126, 86)",Medium,479,12,17
479,"(247, 134, 208)",Medium,480,16,1
480,"(58, 49, 42)",Dark,481,17,2
481,"(160, 126, 86)",Medium,482,8,17
482,"(130, 92, 67)",Medium,483,15,11
483,"(160, 126, 86)",Medium,484,13,21
484,"(215, 189, 150)",Medium,485,11,5
485,"(96, 65, 52)",Dark,486,4,2
486,"(215, 189, 150)",Medium,487,15,11
487,"(96, 65, 52)",Dark,488,4,2
488,"(215, 189, 150)",Medium,489,13,17
489,"(96, 65, 52)",Dark,490,15,2
490,"(243, 231, 219)",Light,491,2,23
491,"(130, 92, 67)",Medium,492,8,1
492,"(160, 126, 86)",Medium,493,4,20
493,"(130, 92, 67)",Medium,494,22,2
494,"(160, 126, 86)",Medium,495,9,8
495,"(247, 134, 208)",Medium,496,12,20
496,"(215, 189, 150)",Medium,497,16,1
497,"(130, 92, 67)",Medium,498,4,8
498,"(160, 126, 86)",Medium,499,13,11
499,"(130, 92, 67)",Medium,500,15,1
500,"(130, 92, 67)",Medium,501,16,5
501,"(160, 126, 86)",Medium,502,13,21
502,"(215, 189, 150)",Medium,503,13,5
503,"(215, 189, 150)",Medium,504,8,17
504,"(130, 92, 67)",Medium,505,9,21
505,"(234, 218, 186)",Light,506,10,20
506,"(160, 126, 86)",Medium,507,13,1
507,"(130, 92, 67)",Medium,508,17,11
508,"(243, 231, 219)",Light,509,14,5
509,"(160, 126, 86)",Medium,510,8,8
510,"(215, 189, 150)",Medium,511,4,2
511,"(247, 134, 208)",Medium,512,9,11
512,"(41, 36, 32)",Dark,513,17,2
513,"(130, 92, 67)",Medium,514,17,2
514,"(130, 92, 67)",Medium,515,13,2
515,"(246, 237, 228)",Light,516,7,15
516,"(247, 134, 208)",Medium,517,8,2
517,"(215, 189, 150)",Medium,518,9,20
518,"(160, 126, 86)",Medium,519,4,17
519,"(215, 189, 150)",Medium,520,8,21
520,"(96, 65, 52)",Dark,521,17,2
521,"(215, 189, 150)",Medium,522,4,5
522,"(58, 49, 42)",Dark,523,15,2
523,"(160, 126, 86)",Medium,524,12,11
524,"(160, 126, 86)",Medium,525,11,5
525,"(160, 126, 86)",Medium,526,17,21
526,"(247, 134, 208)",Medium,527,15,17
527,"(243, 231, 219)",Light,528,19,8
528,"(247, 134, 208)",Medium,529,8,8
529,"(160, 126, 86)",Medium,530,15,1
530,"(58, 49, 42)",Dark,531,4,2
531,"(215, 189, 150)",Medium,532,12,8
532,"(215, 189, 150)",Medium,533,16,1
533,"(247, 134, 208)",Medium,534,9,5
534,"(160, 126, 86)",Medium,535,13,2
535,"(160, 126, 86)",Medium,536,16,2
536,"(215, 189, 150)",Medium,537,12,2
537,"(130, 92, 67)",Medium,538,4,8
538,"(247, 134, 208)",Medium,539,15,17
539,"(215, 189, 150)",Medium,540,9,2
540,"(247, 134, 208)",Medium,541,12,2
541,"(243, 231, 219)",Light,542,14,7
542,"(58, 49, 42)",Dark,543,15,2
543,"(130, 92, 67)",Medium,544,11,20
544,"(243, 231, 219)",Light,545,9,14
545,"(234, 218, 186)",Light,546,7,19
546,"(160, 126, 86)",Medium,547,11,5
547,"(247, 134, 208)",Medium,548,4,2
548,"(160, 126, 86)",Medium,549,17,2
549,"(160, 126, 86)",Medium,550,11,11
550,"(247, 134, 208)",Medium,551,9,5
551,"(96, 65, 52)",Dark,552,4,2
552,"(96, 65, 52)",Dark,553,17,2
553,"(160, 126, 86)",Medium,554,12,20
554,"(247, 134, 208)",Medium,555,16,8
555,"(58, 49, 42)",Dark,556,15,2
556,"(130, 92, 67)",Medium,557,9,5
557,"(160, 126, 86)",Medium,558,16,17
558,"(215, 189, 150)",Medium,559,11,1
559,"(215, 189, 150)",Medium,560,15,20
560,"(215, 189, 150)",Medium,561,17,1
561,"(160, 126, 86)",Medium,562,8,8
562,"(130, 92, 67)",Medium,563,17,17
563,"(96, 65, 52)",Dark,564,4,2
564,"(130, 92, 67)",Medium,565,11,21
565,"(215, 189, 150)",Medium,566,8,5
566,"(234, 218, 186)",Light,567,6,11
567,"(243, 231, 219)",Light,568,18,1
568,"(234, 218, 186)",Light,569,14,16
569,"(130, 92, 67)",Medium,570,9,2
570,"(160, 126, 86)",Medium,571,16,2
571,"(234, 218, 186)",Light,572,13,17
572,"(160, 126, 86)",Medium,573,11,11
573,"(96, 65, 52)",Dark,574,15,2
574,"(215, 189, 150)",Medium,575,13,17
575,"(160, 126, 86)",Medium,576,22,8
576,"(130, 92, 67)",Medium,577,9,21
577,"(215, 189, 150)",Medium,578,22,1
578,"(130, 92, 67)",Medium,579,22,21
579,"(41, 36, 32)",Dark,580,17,2
580,"(247, 134, 208)",Medium,581,4,17
581,"(243, 231, 219)",Light,582,19,8
582,"(96, 65, 52)",Dark,583,4,2
583,"(160, 126, 86)",Medium,584,4,21
584,"(96, 65, 52)",Dark,585,15,2
585,"(58, 49, 42)",Dark,586,15,2
586,"(243, 231, 219)",Light,587,13,26
587,"(247, 134, 208)",Medium,588,4,1
588,"(96, 65, 52)",Dark,589,17,2
589,"(215, 189, 150)",Medium,590,9,2
590,"(215, 189, 150)",Medium,591,12,5
591,"(130, 92, 67)",Medium,592,11,1
592,"(247, 134, 208)",Medium,593,16,2
593,"(58, 49, 42)",Dark,594,17,2
594,"(247, 134, 208)",Medium,595,11,1
595,"(247, 134, 208)",Medium,596,9,21
596,"(130, 92, 67)",Medium,597,13,8
597,"(130, 92, 67)",Medium,598,17,17
598,"(234, 218, 186)",Light,599,22,8
599,"(247, 134, 208)",Medium,600,16,5
600,"(243, 231, 219)",Light,601,11,3
601,"(130, 92, 67)",Medium,602,8,5
602,"(215, 189, 150)",Medium,603,9,11
603,"(215, 189, 150)",Medium,604,8,17
604,"(58, 49, 42)",Dark,605,15,2
605,"(130, 92, 67)",Medium,606,9,8
606,"(234, 218, 186)",Light,607,12,16
607,"(215, 189, 150)",Medium,608,13,17
608,"(160, 126, 86)",Medium,609,8,1
609,"(130, 92, 67)",Medium,610,22,2
610,"(215, 189, 150)",Medium,611,8,11
611,"(215, 189, 150)",Medium,612,9,1
612,"(247, 134, 208)",Medium,613,22,11
613,"(130, 92, 67)",Medium,614,12,5
614,"(96, 65, 52)",Dark,615,17,2
615,"(243, 231, 219)",Light,616,22,14
616,"(160, 126, 86)",Medium,617,13,20
617,"(215, 189, 150)",Medium,618,11,2
618,"(58, 49, 42)",Dark,619,15,2
619,"(243, 231, 219)",Light,620,7,24
620,"(96, 65, 52)",Dark,621,15,2
621,"(130, 92, 67)",Medium,622,4,17
622,"(215, 189, 150)",Medium,623,8,17
623,"(130, 92, 67)",Medium,624,16,2
624,"(247, 134, 208)",Medium,625,9,2
625,"(96, 65, 52)",Dark,626,4,2
626,"(246, 237, 228)",Light,627,14,13
627,"(160, 126, 86)",Medium,628,12,21
628,"(215, 189, 150)",Medium,629,16,21
629,"(160, 126, 86)",Medium,630,16,2
630,"(58, 49, 42)",Dark,631,15,2
631,"(243, 231, 219)",Light,632,18,24
632,"(243, 231, 219)",Light,633,11,12
633,"(58, 49, 42)",Dark,634,15,2
634,"(160, 126, 86)",Medium,635,8,17
635,"(96, 65, 52)",Dark,636,15,2
636,"(234, 218, 186)",Light,637,6,18
637,"(160, 126, 86)",Medium,638,11,1
638,"(247, 134, 208)",Medium,639,12,2
639,"(234, 218, 186)",Light,640,19,14
640,"(160, 126, 86)",Medium,641,13,1
641,"(96, 65, 52)",Dark,642,4,2
642,"(247, 134, 208)",Medium,643,11,21
643,"(234, 218, 186)",Light,644,3,3
644,"(215, 189, 150)",Medium,645,16,20
645,"(160, 126, 86)",Medium,646,13,17
646,"(160, 126, 86)",Medium,647,8,5
647,"(58, 49, 42)",Dark,648,17,2
648,"(160, 126, 86)",Medium,649,22,21
649,"(234, 218, 186)",Light,650,23,16
650,"(215, 189, 150)",Medium,651,12,17
651,"(247, 134, 208)",Medium,652,4,21
652,"(160, 126, 86)",Medium,653,13,5
653,"(160, 126, 86)",Medium,654,15,8
654,"(96, 65, 52)",Dark,655,15,2
655,"(130, 92, 67)",Medium,656,15,17
656,"(96, 65, 52)",Dark,657,17,2
657,"(234, 218, 186)",Light,658,1,4
658,"(215, 189, 150)",Medium,659,16,11
659,"(130, 92, 67)",Medium,660,17,21
660,"(243, 231, 219)",Light,661,10,19
661,"(160, 126, 86)",Medium,662,17,8
662,"(246, 237, 228)",Light,663,18,14
663,"(160, 126, 86)",Medium,664,22,21
664,"(247, 134, 208)",Medium,665,13,20
665,"(215, 189, 150)",Medium,666,17,20
666,"(234, 218, 186)",Light,667,20,15
667,"(160, 126, 86)",Medium,668,17,2
668,"(130, 92, 67)",Medium,669,8,1
669,"(160, 126, 86)",Medium,670,17,17
670,"(247, 134, 208)",Medium,671,9,2
671,"(215, 189, 150)",Medium,672,13,1
672,"(247, 134, 208)",Medium,673,12,1
673,"(243, 231, 219)",Light,674,18,22
674,"(215, 189, 150)",Medium,675,11,2
675,"(160, 126, 86)",Medium,676,4,21
676,"(96, 65, 52)",Dark,677,17,2
677,"(160, 126, 86)",Medium,678,11,2
678,"(160, 126, 86)",Medium,679,4,11
679,"(234, 218, 186)",Light,680,18,26
680,"(160, 126, 86)",Medium,681,12,11
681,"(160, 126, 86)",Medium,682,16,1
682,"(58, 49, 42)",Dark,683,15,2
683,"(215, 189, 150)",Medium,684,17,20
684,"(243, 231, 219)",Light,685,12,25
685,"(160, 126, 86)",Medium,686,12,2
686,"(215, 189, 150)",Medium,687,13,21
687,"(130, 92, 67)",Medium,688,8,2
688,"(215, 189, 150)",Medium,689,9,5
689,"(215, 189, 150)",Medium,690,16,2
690,"(215, 189, 150)",Medium,691,22,11
691,"(96, 65, 52)",Dark,692,17,2
692,"(130, 92, 67)",Medium,693,11,1
693,"(130, 92, 67)",Medium,694,12,2
694,"(130, 92, 67)",Medium,695,17,21
695,"(215, 189, 150)",Medium,696,12,2
696,"(234, 218, 186)",Light,697,7,14
697,"(160, 126, 86)",Medium,698,9,21
698,"(160, 126, 86)",Medium,699,13,20
699,"(234, 218, 186)",Light,700,1,8
700,"(215, 189, 150)",Medium,701,17,17
701,"(58, 49, 42)",Dark,702,17,2
702,"(215, 189, 150)",Medium,703,8,17
703,"(234, 218, 186)",Light,704,8,26
704,"(58, 49, 42)",Dark,705,4,2
705,"(215, 189, 150)",Medium,706,9,20
706,"(58, 49, 42)",Dark,707,4,2
707,"(160, 126, 86)",Medium,708,16,8
708,"(130, 92, 67)",Medium,709,16,5
709,"(234, 218, 186)",Light,710,18,6
710,"(215, 189, 150)",Medium,711,22,1
711,"(215, 189, 150)",Medium,712,11,17
712,"(160, 126, 86)",Medium,713,13,17
713,"(160, 126, 86)",Medium,714,9,1
714,"(247, 134, 208)",Medium,715,11,21
715,"(58, 49, 42)",Dark,716,17,2
716,"(160, 126, 86)",Medium,717,11,20
717,"(96, 65, 52)",Dark,718,4,2
718,"(243, 231, 219)",Light,719,18,18
719,"(243, 231, 219)",Light,720,3,15
720,"(96, 65, 52)",Dark,721,15,2
721,"(96, 65, 52)",Dark,722,15,2
722,"(215, 189, 150)",Medium,723,17,20
723,"(160, 126, 86)",Medium,724,4,8
724,"(96, 65, 52)",Dark,725,17,2
725,"(96, 65, 52)",Dark,726,15,2
726,"(96, 65, 52)",Dark,727,17,2
727,"(243, 231, 219)",Light,728,12,7
728,"(130, 92, 67)",Medium,729,11,11
729,"(130, 92, 67)",Medium,730,22,17
730,"(243, 231, 219)",Light,731,10,12
731,"(160, 126, 86)",Medium,732,13,5
732,"(234, 218, 186)",Light,733,10,10
733,"(130, 92, 67)",Medium,734,4,1
734,"(160, 126, 86)",Medium,735,13,1
735,"(160, 126, 86)",Medium,736,15,8
736,"(96, 65, 52)",Dark,737,15,2
737,"(234, 218, 186)",Light,738,23,21
738,"(215, 189, 150)",Medium,739,22,17
739,"(247, 134, 208)",Medium,740,15,17
740,"(130, 92, 67)",Medium,741,16,20
741,"(160, 126, 86)",Medium,742,22,11
742,"(96, 65, 52)",Dark,743,15,2
743,"(234, 218, 186)",Light,744,11,8
744,"(234, 218, 186)",Light,745,2,17
745,"(243, 231, 219)",Light,746,6,22
746,"(234, 218, 186)",Light,747,1,25
747,"(96, 65, 52)",Dark,748,17,2
748,"(247, 134, 208)",Medium,749,17,5
749,"(130, 92, 67)",Medium,750,22,11
750,"(243, 231, 219)",Light,751,7,3
751,"(247, 134, 208)",Medium,752,4,5
752,"(234, 218, 186)",Light,753,20,5
753,"(247, 134, 208)",Medium,754,12,5
754,"(215, 189, 150)",Medium,755,9,1
755,"(247, 134, 208)",Medium,756,15,8
756,"(160, 126, 86)",Medium,757,9,21
757,"(160, 126, 86)",Medium,758,22,8
758,"(130, 92, 67)",Medium,759,8,2
759,"(160, 126, 86)",Medium,760,4,21
760,"(130, 92, 67)",Medium,761,11,17
761,"(58, 49, 42)",Dark,762,4,2
762,"(247, 134, 208)",Medium,763,17,17
763,"(130, 92, 67)",Medium,764,22,21
764,"(96, 65, 52)",Dark,765,15,2
765,"(247, 134, 208)",Medium,766,13,5
766,"(160, 126, 86)",Medium,767,22,11
767,"(215, 189, 150)",Medium,768,13,21
768,"(160, 126, 86)",Medium,769,22,17
769,"(247, 134, 208)",Medium,770,11,17
770,"(247, 134, 208)",Medium,771,12,1
771,"(247, 134, 208)",Medium,772,11,2
772,"(160, 126, 86)",Medium,773,13,8
773,"(96, 65, 52)",Dark,774,17,2
774,"(130, 92, 67)",Medium,775,12,8
775,"(96, 65, 52)",Dark,776,17,2
776,"(243, 231, 219)",Light,777,10,9
777,"(215, 189, 150)",Medium,778,9,17
778,"(215, 189, 150)",Medium,779,22,8
779,"(160, 126, 86)",Medium,780,8,17
780,"(160, 126, 86)",Medium,781,22,5
781,"(160, 126, 86)",Medium,782,4,21
782,"(234, 218, 186)",Light,783,13,15
783,"(243, 231, 219)",Light,784,3,14
784,"(247, 134, 208)",Medium,785,9,17
785,"(243, 231, 219)",Light,786,22,26
786,"(130, 92, 67)",Medium,787,4,11
787,"(243, 231, 219)",Light,788,8,11
788,"(96, 65, 52)",Dark,789,15,2
789,"(96, 65, 52)",Dark,790,15,2
790,"(215, 189, 150)",Medium,791,11,2
791,"(130, 92, 67)",Medium,792,17,2
792,"(234, 218, 186)",Light,793,19,1
793,"(130, 92, 67)",Medium,794,8,17
794,"(160, 126, 86)",Medium,795,4,1
795,"(160, 126, 86)",Medium,796,12,5
796,"(215, 189, 150)",Medium,797,12,20
797,"(58, 49, 42)",Dark,798,17,2
798,"(130, 92, 67)",Medium,799,16,21
799,"(247, 134, 208)",Medium,800,8,2
800,"(247, 134, 208)",Medium,801,8,20
801,"(130, 92, 67)",Medium,802,8,21
802,"(96, 65, 52)",Dark,803,15,2
803,"(215, 189, 150)",Medium,804,22,8
804,"(160, 126, 86)",Medium,805,4,11
805,"(160, 126, 86)",Medium,806,11,1
806,"(58, 49, 42)",Dark,807,4,2
807,"(58, 49, 42)",Dark,808,15,2
808,"(234, 218, 186)",Light,809,13,7
809,"(215, 189, 150)",Medium,810,11,11
810,"(130, 92, 67)",Medium,811,11,2
811,"(234, 218, 186)",Light,812,12,17
812,"(247, 134, 208)",Medium,813,22,17
813,"(215, 189, 150)",Medium,814,11,20
814,"(215, 189, 150)",Medium,815,11,5
815,"(215, 189, 150)",Medium,816,4,5
816,"(160, 126, 86)",Medium,817,8,5
817,"(215, 189, 150)",Medium,818,4,17
818,"(96, 65, 52)",Dark,819,17,2
819,"(215, 189, 150)",Medium,820,15,8
820,"(160, 126, 86)",Medium,821,8,8
821,"(96, 65, 52)",Dark,822,15,2
822,"(160, 126, 86)",Medium,823,8,17
823,"(130, 92, 67)",Medium,824,11,11
824,"(58, 49, 42)",Dark,825,4,2
825,"(130, 92, 67)",Medium,826,12,17
826,"(160, 126, 86)",Medium,827,12,21
827,"(160, 126, 86)",Medium,828,12,20
828,"(41, 36, 32)",Dark,829,17,2
829,"(160, 126, 86)",Medium,830,15,5
830,"(247, 134, 208)",Medium,831,4,1
831,"(247, 134, 208)",Medium,832,17,21
832,"(215, 189, 150)",Medium,833,9,17
833,"(130, 92, 67)",Medium,834,9,2
834,"(41, 36, 32)",Dark,835,17,2
835,"(160, 126, 86)",Medium,836,17,17
836,"(58, 49, 42)",Dark,837,17,2
837,"(243, 231, 219)",Light,838,20,10
838,"(247, 134, 208)",Medium,839,9,2
839,"(160, 126, 86)",Medium,840,11,21
840,"(160, 126, 86)",Medium,841,9,8
841,"(160, 126, 86)",Medium,842,17,5
842,"(160, 126, 86)",Medium,843,4,1
843,"(215, 189, 150)",Medium,844,15,11
844,"(160, 126, 86)",Medium,845,22,20
845,"(160, 126, 86)",Medium,846,16,21
846,"(160, 126, 86)",Medium,847,4,20
847,"(58, 49, 42)",Dark,848,15,2
848,"(234, 218, 186)",Light,849,18,24
849,"(247, 134, 208)",Medium,850,15,11
850,"(234, 218, 186)",Light,851,12,10
851,"(58, 49, 42)",Dark,852,15,2
852,"(130, 92, 67)",Medium,853,12,5
853,"(234, 218, 186)",Light,854,10,11
854,"(160, 126, 86)",Medium,855,22,8
855,"(130, 92, 67)",Medium,856,4,11
856,"(96, 65, 52)",Dark,857,4,2
857,"(160, 126, 86)",Medium,858,17,1
858,"(160, 126, 86)",Medium,859,8,17
859,"(160, 126, 86)",Medium,860,4,20
860,"(96, 65, 52)",Dark,861,15,2
861,"(160, 126, 86)",Medium,862,22,2
862,"(130, 92, 67)",Medium,863,9,20
863,"(243, 231, 219)",Light,864,23,10
864,"(215, 189, 150)",Medium,865,15,5
865,"(130, 92, 67)",Medium,866,13,17
866,"(215, 189, 150)",Medium,867,11,17
867,"(234, 218, 186)",Light,868,8,20
868,"(130, 92, 67)",Medium,869,16,5
869,"(246, 237, 228)",Light,870,1,4
870,"(215, 189, 150)",Medium,871,16,1
871,"(243, 231, 219)",Light,872,1,1
872,"(160, 126, 86)",Medium,873,15,21
873,"(160, 126, 86)",Medium,874,11,17
874,"(160, 126, 86)",Medium,875,16,5
875,"(96, 65, 52)",Dark,876,17,2
876,"(58, 49, 42)",Dark,877,15,2
877,"(130, 92, 67)",Medium,878,13,5
878,"(160, 126, 86)",Medium,879,11,8
879,"(58, 49, 42)",Dark,880,4,2
880,"(215, 189, 150)",Medium,881,22,21
881,"(234, 218, 186)",Light,882,9,11
882,"(160, 126, 86)",Medium,883,11,11
883,"(58, 49, 42)",Dark,884,15,2
884,"(160, 126, 86)",Medium,885,17,1
885,"(243, 231, 219)",Light,886,22,15
886,"(215, 189, 150)",Medium,887,22,8
887,"(247, 134, 208)",Medium,888,12,11
888,"(130, 92, 67)",Medium,889,11,1
889,"(243, 231, 219)",Light,890,21,5
890,"(41, 36, 32)",Dark,891,4,2
891,"(215, 189, 150)",Medium,892,4,20
892,"(215, 189, 150)",Medium,893,8,21
893,"(58, 49, 42)",Dark,894,17,2
894,"(130, 92, 67)",Medium,895,4,11
895,"(215, 189, 150)",Medium,896,4,21
896,"(160, 126, 86)",Medium,897,8,11
897,"(247, 134, 208)",Medium,898,17,11
898,"(41, 36, 32)",Dark,899,15,2
899,"(160, 126, 86)",Medium,900,8,2
900,"(215, 189, 150)",Medium,901,17,20
901,"(215, 189, 150)",Medium,902,4,2
902,"(247, 134, 208)",Medium,903,9,8
903,"(96, 65, 52)",Dark,904,15,2
904,"(160, 126, 86)",Medium,905,12,8
905,"(160, 126, 86)",Medium,906,8,8
906,"(215, 189, 150)",Medium,907,22,20
907,"(160, 126, 86)",Medium,908,16,8
908,"(41, 36, 32)",Dark,909,17,2
909,"(160, 126, 86)",Medium,910,17,2
910,"(96, 65, 52)",Dark,911,17,2
911,"(234, 218, 186)",Light,912,18,18
912,"(247, 134, 208)",Medium,913,12,2
913,"(243, 231, 219)",Light,914,10,5
914,"(130, 92, 67)",Medium,915,9,2
915,"(247, 134, 208)",Medium,916,4,11
916,"(215, 189, 150)",Medium,917,9,5
917,"(160, 126, 86)",Medium,918,22,20
918,"(234, 218, 186)",Light,919,2,19
919,"(247, 134, 208)",Medium,920,4,8
920,"(247, 134, 208)",Medium,921,15,1
921,"(96, 65, 52)",Dark,922,17,2
922,"(234, 218, 186)",Light,923,9,3
923,"(58, 49, 42)",Dark,924,4,2
924,"(215, 189, 150)",Medium,925,13,11
925,"(96, 65, 52)",Dark,926,4,2
926,"(247, 134, 208)",Medium,927,4,20
927,"(234, 218, 186)",Light,928,6,13
928,"(246, 237, 228)",Light,929,14,23
929,"(247, 134, 208)",Medium,930,11,2
930,"(160, 126, 86)",Medium,931,15,8
931,"(130, 92, 67)",Medium,932,17,1
932,"(247, 134, 208)",Medium,933,8,5
933,"(160, 126, 86)",Medium,934,15,1
934,"(41, 36, 32)",Dark,935,17,2
935,"(215, 189, 150)",Medium,936,12,8
936,"(247, 134, 208)",Medium,937,11,5
937,"(234, 218, 186)",Light,938,5,26
938,"(58, 49, 42)",Dark,939,17,2
939,"(96, 65, 52)",Dark,940,17,2
940,"(215, 189, 150)",Medium,941,13,17
941,"(160, 126, 86)",Medium,942,16,17
942,"(215, 189, 150)",Medium,943,12,2
943,"(58, 49, 42)",Dark,944,15,2
944,"(234, 218, 186)",Light,945,7,24
945,"(160, 126, 86)",Medium,946,16,5
946,"(160, 126, 86)",Medium,947,11,8
947,"(234, 218, 186)",Light,948,6,23
948,"(247, 134, 208)",Medium,949,11,8
949,"(234, 218, 186)",Light,950,22,10
950,"(160, 126, 86)",Medium,951,15,8
951,"(58, 49, 42)",Dark,952,15,2
952,"(96, 65, 52)",Dark,953,4,2
953,"(160, 126, 86)",Medium,954,22,2
954,"(160, 126, 86)",Medium,955,8,21
955,"(215, 189, 150)",Medium,956,22,11
956,"(160, 126, 86)",Medium,957,17,21
957,"(160, 126, 86)",Medium,958,17,2
958,"(130, 92, 67)",Medium,959,22,21
959,"(160, 126, 86)",Medium,960,16,17
960,"(130, 92, 67)",Medium,961,17,1
961,"(247, 134, 208)",Medium,962,16,1
962,"(160, 126, 86)",Medium,963,8,17
963,"(160, 126, 86)",Medium,964,11,1
964,"(130, 92, 67)",Medium,965,15,21
965,"(247, 134, 208)",Medium,966,4,17
966,"(215, 189, 150)",Medium,967,11,2
967,"(246, 237, 228)",Light,968,1,1
968,"(130, 92, 67)",Medium,969,22,17
969,"(96, 65, 52)",Dark,970,17,2
970,"(215, 189, 150)",Medium,971,22,2
971,"(160, 126, 86)",Medium,972,12,1
972,"(160, 126, 86)",Medium,973,11,17
973,"(96, 65, 52)",Dark,974,15,2
974,"(234, 218, 186)",Light,975,14,6
975,"(160, 126, 86)",Medium,976,16,20
976,"(160, 126, 86)",Medium,977,16,5
977,"(130, 92, 67)",Medium,978,11,11
978,"(160, 126, 86)",Medium,979,16,20
979,"(215, 189, 150)",Medium,980,17,21
980,"(58, 49, 42)",Dark,981,17,2
981,"(130, 92, 67)",Medium,982,11,8
982,"(130, 92, 67)",Medium,983,11,17
983,"(247, 134, 208)",Medium,984,16,11
984,"(247, 134, 208)",Medium,985,17,11
985,"(247, 134, 208)",Medium,986,12,8
986,"(243, 231, 219)",Light,987,22,26
987,"(130, 92, 67)",Medium,988,16,2
988,"(234, 218, 186)",Light,989,3,1
989,"(160, 126, 86)",Medium,990,12,20
990,"(234, 218, 186)",Light,991,13,3
991,"(96, 65, 52)",Dark,992,15,2
992,"(215, 189, 150)",Medium,993,4,2
993,"(215, 189, 150)",Medium,994,13,2
994,"(58, 49, 42)",Dark,995,15,2
995,"(247, 134, 208)",Medium,996,16,2
996,"(160, 126, 86)",Medium,997,9,11
997,"(215, 189, 150)",Medium,998,22,21
998,"(130, 92, 67)",Medium,999,17,21
999,"(160, 126, 86)",Medium,1000,8,5
